<?xml version="1.0" encoding="UTF-8"?>
<project-private xmlns="http://www.netbeans.org/ns/project-private/1">
    <editor-bookmarks xmlns="http://www.netbeans.org/ns/editor-bookmarks/1"/>
    <editor-bookmarks xmlns="http://www.netbeans.org/ns/editor-bookmarks/2" lastBookmarkId="0"/>
    <open-files xmlns="http://www.netbeans.org/ns/projectui-open-files/2">
        <group>
            <file>file:/C:/Users/Estudiante/Documents/NetBeansProjects/Pokemon/src/Game.java</file>
            <file>file:/C:/Users/Estudiante/Documents/NetBeansProjects/Pokemon/src/Pokemon.java</file>
            <file>file:/C:/Users/Estudiante/Documents/NetBeansProjects/Pokemon/src/PrimeraVista.java</file>
            <file>file:/C:/Users/Estudiante/Documents/NetBeansProjects/Pokemon/src/Inicio.java</file>
        </group>
    </open-files>
</project-private>
